[{"code":"","src":"https://cdn.fromdoppler.com/formgenerator/latest/vendor.js?26126096","priority":10,"key":"widget-0"},{"code":"","src":"https://http2.mlstatic.com/frontend-assets/mshops-web-widgets/v2.0.0/cookie-disclaimer.js","priority":10,"key":"widget-1"},{"code":"","src":"https://http2.mlstatic.com/frontend-assets/mshops-web-widgets/v2.0.0/menu-fashion.js","priority":10,"key":"widget-2"},{"code":"","src":"https://http2.mlstatic.com/frontend-assets/mshops-web-widgets/v2.0.0/search-fashion.js","priority":10,"key":"widget-3"},{"code":"","src":"https://http2.mlstatic.com/frontend-assets/mshops-web-widgets/v2.0.0/on-scroll-header.js","priority":10,"key":"widget-4"},{"code":"let lineaFitnessFlecha = document.querySelector(\".linea-fitness-flecha\");\r\nlet lineaGourmetFlecha = document.querySelector(\".linea-gourmet-flecha\");\r\nlet lineaBienestarFlecha = document.querySelector(\".linea-bienestar-flecha\");\r\nlet lineaCasaFlecha = document.querySelector(\".linea-casa-flecha\");\r\n\r\nlet lineaFitnessMobile = document.querySelector(\".linea-fitness\");\r\nlet lineaGourmetMobile = document.querySelector(\".linea-gourmet\");\r\nlet lineaBienestarMobile = document.querySelector(\".linea-bienestar\");\r\nlet lineaCasaMobile = document.querySelector(\".linea-casa\");\r\n\r\nlineaFitnessFlecha.addEventListener('click', function(){\r\n    lineaFitnessFlecha.classList.toggle(\"animacion-rotacion\");\r\n    lineaFitnessMobile.classList.toggle(\"invisible\");\r\n});\r\n\r\nlineaGourmetFlecha.addEventListener('click', function(){\r\n    lineaGourmetFlecha.classList.toggle(\"animacion-rotacion\");\r\n    lineaGourmetMobile.classList.toggle(\"invisible\");\r\n});\r\n\r\nlineaBienestarFlecha.addEventListener('click', function(){\r\n    lineaBienestarFlecha.classList.toggle(\"animacion-rotacion\");\r\n    lineaBienestarMobile.classList.toggle(\"invisible\");\r\n});\r\n\r\nlineaCasaFlecha.addEventListener('click', function(){\r\n    lineaCasaFlecha.classList.toggle(\"animacion-rotacion\");\r\n    lineaCasaMobile.classList.toggle(\"invisible\");\r\n});\r\n\r\n","src":"","priority":10,"key":"widget-5"},{"code":"const URLactual = window.location.pathname;\r\n\r\n(function() {\r\n    let link = document.querySelector(\"link[rel*='icon']\") || document.createElement('link');\r\n    link.type = 'image/x-icon';\r\n    link.rel = 'shortcut icon';\r\n    link.href = 'https://iili.io/hisKSs.png';\r\n    document.getElementsByTagName('head')[0].appendChild(link);\r\n  })();\r\n  function faviconIn(){\r\n    let link = document.querySelector(\"link[rel*='icon']\") || document.createElement('link');\r\n    link.type = 'image/x-icon';link.rel = 'shortcut icon';\r\n    link.href = 'https://iili.io/hisKSs.png';\r\n    document.getElementsByTagName('head')[0].appendChild(link)\r\n  };\r\n  \r\n  setTimeout(faviconIn,1000);\r\n\r\nlet pautas = document.querySelector(\".pautas-contenedor\");\r\nlet glider = document.querySelector(\".glider-contain\");\r\nlet iconosCategorias = document.querySelectorAll(\".contenedor-iconos-categorias\");\r\n\r\nif (URLactual == \"/\") {\r\n    pautas.classList.toggle(\"invisible\");\r\n    glider.classList.toggle(\"invisible\");\r\n    iconosCategorias[0].classList.toggle(\"invisible\");\r\n    iconosCategorias[1].classList.toggle(\"invisible\");\r\n}\r\n\r\n","src":"","priority":10,"key":"widget-6"},{"code":"const URLactual = window.location.pathname;\r\n\r\nif (URLactual == \"/beneficios\") {\r\n    if (document.querySelector(\".ui-search\")) {\r\n        const ui_search = document.querySelector(\".ui-search\");\r\n\r\n        ui_search.classList.toggle(\"invisible\");\r\n\r\n        let main = document.querySelector(\"#root-app\");\r\n\r\n        let barraSuperior = document.createElement(\"div\");\r\n        let barraSuperiorTitulo = document.createElement(\"p\")\r\n        let barraSuperiorSubtitulo = document.createElement(\"p\")\r\n\r\n        let beneficiosContenedor = document.createElement(\"div\");\r\n\r\n        let beneficiosTop = document.createElement(\"div\");\r\n\r\n        let beneficiosTarjeta_1 = document.createElement(\"div\");\r\n        let beneficiosTarjeta_1_img = document.createElement(\"img\");\r\n        let beneficiosTexto_1 = document.createElement(\"div\");\r\n        let beneficiosTarjeta_1_p_1 = document.createElement(\"p\");\r\n        let beneficiosTarjeta_1_p_2 = document.createElement(\"p\");\r\n\r\n        let beneficiosTarjeta_2 = document.createElement(\"div\");\r\n        let beneficiosTarjeta_2_img = document.createElement(\"img\");\r\n        let beneficiosTexto_2 = document.createElement(\"div\");\r\n        let beneficiosTarjeta_2_p_1 = document.createElement(\"p\");\r\n        let beneficiosTarjeta_2_p_2 = document.createElement(\"p\");\r\n\r\n        let beneficiosTarjeta_3 = document.createElement(\"div\");\r\n        let beneficiosTarjeta_3_img = document.createElement(\"img\");\r\n        let beneficiosTexto_3 = document.createElement(\"div\");\r\n        let beneficiosTarjeta_3_p_1 = document.createElement(\"p\");\r\n        let beneficiosTarjeta_3_p_2 = document.createElement(\"p\");\r\n\r\n        let beneficiosBottom = document.createElement(\"div\");\r\n\r\n        let beneficiosTarjeta_4 = document.createElement(\"div\");\r\n        let beneficiosTarjeta_4_img = document.createElement(\"img\");\r\n        let beneficiosTexto_4 = document.createElement(\"div\");\r\n        let beneficiosTarjeta_4_p_1 = document.createElement(\"p\");\r\n        let beneficiosTarjeta_4_p_2 = document.createElement(\"p\");\r\n\r\n        let beneficiosTarjeta_5 = document.createElement(\"div\");\r\n        let beneficiosTarjeta_5_img = document.createElement(\"img\");\r\n        let beneficiosTexto_5 = document.createElement(\"div\");\r\n        let beneficiosTarjeta_5_p_1 = document.createElement(\"p\");\r\n        let beneficiosTarjeta_5_p_2 = document.createElement(\"p\");\r\n\r\n        barraSuperiorTitulo.textContent = \"Beneficios\";\r\n        barraSuperiorSubtitulo.innerHTML = \"<span>Home</span> / Beneficios\";\r\n\r\n        beneficiosTarjeta_1_img.src = \"https://www.swisstradingco.com/assets/img/blog-7.jpg\";\r\n        beneficiosTarjeta_1_p_1.textContent = \"EXPERIENCIA DE COMPRA INSUPERABLE\";\r\n        beneficiosTarjeta_1_p_2.textContent = \"Sabemos que una buena experiencia de compra comienza en el momento en que tú nos llamas. Por eso, contamos con operadores especializados para brindarte una experiencia gratificante y responder con el más alto nivel a tus demandas.\";\r\n\r\n        beneficiosTarjeta_2_img.src = \"https://www.swisstradingco.com/assets/img/blog-8.jpg\";\r\n        beneficiosTarjeta_2_p_1.textContent = \"COMPROMISO TOTAL\";\r\n        beneficiosTarjeta_2_p_2.textContent = \"Creemos que el mejor negocio es que nuestros clientes estén satisfechos, por eso asumimos un compromiso total en cada uno de nuestros proyectos, en todas las áreas de la empresa.\";\r\n\r\n        beneficiosTarjeta_3_img.src = \"https://www.swisstradingco.com/assets/img/blog-10.jpg\";\r\n        beneficiosTarjeta_3_p_1.textContent = \"COMPRA SEGURA\";\r\n        beneficiosTarjeta_3_p_2.textContent = \"Ahora más que nunca, tú necesitas comprar online de la forma más segura. Por eso, te ofrecemos un servicio confiable. Para que puedas comprar lo que te gusta, lo que necesites, sin moverte de tu casa y con toda la seguridad que mereces.\";\r\n\r\n        beneficiosTarjeta_4_img.src = \"https://www.swisstradingco.com/assets/img/blog-11.jpg\";\r\n        beneficiosTarjeta_4_p_1.textContent = \"ENTREGA A DOMICILIO\";\r\n        beneficiosTarjeta_4_p_2.textContent = \"El mundo cambió. Y tus costumbres también. Por eso, te ofrecemos el mejor servicio de entrega a domicilio. Tú nos indicas dónde quieres que se haga la entrega y nosotros te lo llevamos. Así de fácil, sin moverte de tu casa.\"\r\n\r\n        beneficiosTarjeta_5_img.src = \"https://www.swisstradingco.com/assets/img/blog-12.jpg\";\r\n        beneficiosTarjeta_5_p_1.textContent = \"GARANTÍA DE 90 DÍAS\";\r\n        beneficiosTarjeta_5_p_2.textContent = \"Compra tranquilo, todos nuestros productos cuentan con garantía. Si por algún motivo no estás 100% conforme, sólo debes solicitar el cambio o devolución. Sin excusas ni cuestionamientos. Tienes 90 días para probarlo. Un beneficio más de Swiss Trading Co. para hacer tu vida más fácil.\";\r\n\r\n        main.appendChild(barraSuperior);\r\n        barraSuperior.appendChild(barraSuperiorTitulo);\r\n        barraSuperior.appendChild(barraSuperiorSubtitulo);\r\n\r\n        main.appendChild(beneficiosContenedor);\r\n\r\n        beneficiosContenedor.appendChild(beneficiosTop);\r\n\r\n        beneficiosTop.appendChild(beneficiosTarjeta_1);\r\n        beneficiosTarjeta_1.appendChild(beneficiosTarjeta_1_img);\r\n        beneficiosTarjeta_1.appendChild(beneficiosTexto_1);\r\n        beneficiosTexto_1.appendChild(beneficiosTarjeta_1_p_1);\r\n        beneficiosTexto_1.appendChild(beneficiosTarjeta_1_p_2);\r\n\r\n        beneficiosTop.appendChild(beneficiosTarjeta_2);\r\n        beneficiosTarjeta_2.appendChild(beneficiosTarjeta_2_img);\r\n        beneficiosTarjeta_2.appendChild(beneficiosTexto_2);\r\n        beneficiosTexto_2.appendChild(beneficiosTarjeta_2_p_1);\r\n        beneficiosTexto_2.appendChild(beneficiosTarjeta_2_p_2);\r\n\r\n        beneficiosTop.appendChild(beneficiosTarjeta_3);\r\n        beneficiosTarjeta_3.appendChild(beneficiosTarjeta_3_img);\r\n        beneficiosTarjeta_3.appendChild(beneficiosTexto_3);\r\n        beneficiosTexto_3.appendChild(beneficiosTarjeta_3_p_1);\r\n        beneficiosTexto_3.appendChild(beneficiosTarjeta_3_p_2);\r\n\r\n        beneficiosContenedor.appendChild(beneficiosBottom);\r\n\r\n        beneficiosBottom.appendChild(beneficiosTarjeta_4);\r\n        beneficiosTarjeta_4.appendChild(beneficiosTarjeta_4_img);\r\n        beneficiosTarjeta_4.appendChild(beneficiosTexto_4);\r\n        beneficiosTexto_4.appendChild(beneficiosTarjeta_4_p_1);\r\n        beneficiosTexto_4.appendChild(beneficiosTarjeta_4_p_2);\r\n\r\n        beneficiosBottom.appendChild(beneficiosTarjeta_5);\r\n        beneficiosTarjeta_5.appendChild(beneficiosTarjeta_5_img);\r\n        beneficiosTarjeta_5.appendChild(beneficiosTexto_5);\r\n        beneficiosTexto_5.appendChild(beneficiosTarjeta_5_p_1);\r\n        beneficiosTexto_5.appendChild(beneficiosTarjeta_5_p_2);\r\n\r\n        barraSuperior.classList.add(\"barra-superior\");\r\n\r\n        beneficiosContenedor.classList.add(\"beneficios-contenedor\");\r\n\r\n        beneficiosTop.classList.add(\"beneficios-top\");\r\n        beneficiosBottom.classList.add(\"beneficios-bottom\");\r\n\r\n        beneficiosTarjeta_1.classList.add(\"beneficios-tarjeta\");\r\n        beneficiosTarjeta_2.classList.add(\"beneficios-tarjeta\");\r\n        beneficiosTarjeta_3.classList.add(\"beneficios-tarjeta\");\r\n        beneficiosTarjeta_4.classList.add(\"beneficios-tarjeta\");\r\n        beneficiosTarjeta_5.classList.add(\"beneficios-tarjeta\");\r\n\r\n        beneficiosTexto_1.classList.add(\"beneficios-texto\");\r\n        beneficiosTexto_2.classList.add(\"beneficios-texto\");\r\n        beneficiosTexto_3.classList.add(\"beneficios-texto\");\r\n        beneficiosTexto_4.classList.add(\"beneficios-texto\");\r\n        beneficiosTexto_5.classList.add(\"beneficios-texto\");\r\n\r\n        beneficiosTarjeta_1_p_1.classList.add(\"titulo\");\r\n        beneficiosTarjeta_2_p_1.classList.add(\"titulo\");\r\n        beneficiosTarjeta_3_p_1.classList.add(\"titulo\");\r\n        beneficiosTarjeta_4_p_1.classList.add(\"titulo\");\r\n        beneficiosTarjeta_5_p_1.classList.add(\"titulo\");\r\n\r\n        beneficiosTarjeta_1_p_2.classList.add(\"parrafo\");\r\n        beneficiosTarjeta_2_p_2.classList.add(\"parrafo\");\r\n        beneficiosTarjeta_3_p_2.classList.add(\"parrafo\");\r\n        beneficiosTarjeta_4_p_2.classList.add(\"parrafo\");\r\n        beneficiosTarjeta_5_p_2.classList.add(\"parrafo\");\r\n\r\n        throw new Error(\"Error controlado\");\r\n    } else if (document.querySelector(\".ui-search--zrp\")) {\r\n        const ui_search = document.querySelector(\".ui-search--zrp\");\r\n\r\n        ui_search.classList.toggle(\"invisible\");\r\n\r\n        let main = document.querySelector(\"#root-app\");\r\n\r\n        let barraSuperior = document.createElement(\"div\");\r\n        let barraSuperiorTitulo = document.createElement(\"p\")\r\n        let barraSuperiorSubtitulo = document.createElement(\"p\")\r\n\r\n        let beneficiosContenedor = document.createElement(\"div\");\r\n\r\n        let beneficiosTop = document.createElement(\"div\");\r\n\r\n        let beneficiosTarjeta_1 = document.createElement(\"div\");\r\n        let beneficiosTarjeta_1_img = document.createElement(\"img\");\r\n        let beneficiosTexto_1 = document.createElement(\"div\");\r\n        let beneficiosTarjeta_1_p_1 = document.createElement(\"p\");\r\n        let beneficiosTarjeta_1_p_2 = document.createElement(\"p\");\r\n\r\n        let beneficiosTarjeta_2 = document.createElement(\"div\");\r\n        let beneficiosTarjeta_2_img = document.createElement(\"img\");\r\n        let beneficiosTexto_2 = document.createElement(\"div\");\r\n        let beneficiosTarjeta_2_p_1 = document.createElement(\"p\");\r\n        let beneficiosTarjeta_2_p_2 = document.createElement(\"p\");\r\n\r\n        let beneficiosTarjeta_3 = document.createElement(\"div\");\r\n        let beneficiosTarjeta_3_img = document.createElement(\"img\");\r\n        let beneficiosTexto_3 = document.createElement(\"div\");\r\n        let beneficiosTarjeta_3_p_1 = document.createElement(\"p\");\r\n        let beneficiosTarjeta_3_p_2 = document.createElement(\"p\");\r\n\r\n        let beneficiosBottom = document.createElement(\"div\");\r\n\r\n        let beneficiosTarjeta_4 = document.createElement(\"div\");\r\n        let beneficiosTarjeta_4_img = document.createElement(\"img\");\r\n        let beneficiosTexto_4 = document.createElement(\"div\");\r\n        let beneficiosTarjeta_4_p_1 = document.createElement(\"p\");\r\n        let beneficiosTarjeta_4_p_2 = document.createElement(\"p\");\r\n\r\n        let beneficiosTarjeta_5 = document.createElement(\"div\");\r\n        let beneficiosTarjeta_5_img = document.createElement(\"img\");\r\n        let beneficiosTexto_5 = document.createElement(\"div\");\r\n        let beneficiosTarjeta_5_p_1 = document.createElement(\"p\");\r\n        let beneficiosTarjeta_5_p_2 = document.createElement(\"p\");\r\n\r\n        barraSuperiorTitulo.textContent = \"Beneficios\";\r\n        barraSuperiorSubtitulo.innerHTML = \"<span>Home</span> / Beneficios\";\r\n\r\n        beneficiosTarjeta_1_img.src = \"https://www.swisstradingco.com/assets/img/blog-7.jpg\";\r\n        beneficiosTarjeta_1_p_1.textContent = \"EXPERIENCIA DE COMPRA INSUPERABLE\";\r\n        beneficiosTarjeta_1_p_2.textContent = \"Sabemos que una buena experiencia de compra comienza en el momento en que tú nos llamas. Por eso, contamos con operadores especializados para brindarte una experiencia gratificante y responder con el más alto nivel a tus demandas.\";\r\n\r\n        beneficiosTarjeta_2_img.src = \"https://www.swisstradingco.com/assets/img/blog-8.jpg\";\r\n        beneficiosTarjeta_2_p_1.textContent = \"COMPROMISO TOTAL\";\r\n        beneficiosTarjeta_2_p_2.textContent = \"Creemos que el mejor negocio es que nuestros clientes estén satisfechos, por eso asumimos un compromiso total en cada uno de nuestros proyectos, en todas las áreas de la empresa.\";\r\n\r\n        beneficiosTarjeta_3_img.src = \"https://www.swisstradingco.com/assets/img/blog-10.jpg\";\r\n        beneficiosTarjeta_3_p_1.textContent = \"COMPRA SEGURA\";\r\n        beneficiosTarjeta_3_p_2.textContent = \"Ahora más que nunca, tú necesitas comprar online de la forma más segura. Por eso, te ofrecemos un servicio confiable. Para que puedas comprar lo que te gusta, lo que necesites, sin moverte de tu casa y con toda la seguridad que mereces.\";\r\n\r\n        beneficiosTarjeta_4_img.src = \"https://www.swisstradingco.com/assets/img/blog-11.jpg\";\r\n        beneficiosTarjeta_4_p_1.textContent = \"ENTREGA A DOMICILIO\";\r\n        beneficiosTarjeta_4_p_2.textContent = \"El mundo cambió. Y tus costumbres también. Por eso, te ofrecemos el mejor servicio de entrega a domicilio. Tú nos indicas dónde quieres que se haga la entrega y nosotros te lo llevamos. Así de fácil, sin moverte de tu casa.\"\r\n\r\n        beneficiosTarjeta_5_img.src = \"https://www.swisstradingco.com/assets/img/blog-12.jpg\";\r\n        beneficiosTarjeta_5_p_1.textContent = \"GARANTÍA DE 90 DÍAS\";\r\n        beneficiosTarjeta_5_p_2.textContent = \"Compra tranquilo, todos nuestros productos cuentan con garantía. Si por algún motivo no estás 100% conforme, sólo debes solicitar el cambio o devolución. Sin excusas ni cuestionamientos. Tienes 90 días para probarlo. Un beneficio más de Swiss Trading Co. para hacer tu vida más fácil.\";\r\n\r\n        main.appendChild(barraSuperior);\r\n        barraSuperior.appendChild(barraSuperiorTitulo);\r\n        barraSuperior.appendChild(barraSuperiorSubtitulo);\r\n\r\n        main.appendChild(beneficiosContenedor);\r\n\r\n        beneficiosContenedor.appendChild(beneficiosTop);\r\n\r\n        beneficiosTop.appendChild(beneficiosTarjeta_1);\r\n        beneficiosTarjeta_1.appendChild(beneficiosTarjeta_1_img);\r\n        beneficiosTarjeta_1.appendChild(beneficiosTexto_1);\r\n        beneficiosTexto_1.appendChild(beneficiosTarjeta_1_p_1);\r\n        beneficiosTexto_1.appendChild(beneficiosTarjeta_1_p_2);\r\n\r\n        beneficiosTop.appendChild(beneficiosTarjeta_2);\r\n        beneficiosTarjeta_2.appendChild(beneficiosTarjeta_2_img);\r\n        beneficiosTarjeta_2.appendChild(beneficiosTexto_2);\r\n        beneficiosTexto_2.appendChild(beneficiosTarjeta_2_p_1);\r\n        beneficiosTexto_2.appendChild(beneficiosTarjeta_2_p_2);\r\n\r\n        beneficiosTop.appendChild(beneficiosTarjeta_3);\r\n        beneficiosTarjeta_3.appendChild(beneficiosTarjeta_3_img);\r\n        beneficiosTarjeta_3.appendChild(beneficiosTexto_3);\r\n        beneficiosTexto_3.appendChild(beneficiosTarjeta_3_p_1);\r\n        beneficiosTexto_3.appendChild(beneficiosTarjeta_3_p_2);\r\n\r\n        beneficiosContenedor.appendChild(beneficiosBottom);\r\n\r\n        beneficiosBottom.appendChild(beneficiosTarjeta_4);\r\n        beneficiosTarjeta_4.appendChild(beneficiosTarjeta_4_img);\r\n        beneficiosTarjeta_4.appendChild(beneficiosTexto_4);\r\n        beneficiosTexto_4.appendChild(beneficiosTarjeta_4_p_1);\r\n        beneficiosTexto_4.appendChild(beneficiosTarjeta_4_p_2);\r\n\r\n        beneficiosBottom.appendChild(beneficiosTarjeta_5);\r\n        beneficiosTarjeta_5.appendChild(beneficiosTarjeta_5_img);\r\n        beneficiosTarjeta_5.appendChild(beneficiosTexto_5);\r\n        beneficiosTexto_5.appendChild(beneficiosTarjeta_5_p_1);\r\n        beneficiosTexto_5.appendChild(beneficiosTarjeta_5_p_2);\r\n\r\n        barraSuperior.classList.add(\"barra-superior\");\r\n\r\n        beneficiosContenedor.classList.add(\"beneficios-contenedor\");\r\n\r\n        beneficiosTop.classList.add(\"beneficios-top\");\r\n        beneficiosBottom.classList.add(\"beneficios-bottom\");\r\n\r\n        beneficiosTarjeta_1.classList.add(\"beneficios-tarjeta\");\r\n        beneficiosTarjeta_2.classList.add(\"beneficios-tarjeta\");\r\n        beneficiosTarjeta_3.classList.add(\"beneficios-tarjeta\");\r\n        beneficiosTarjeta_4.classList.add(\"beneficios-tarjeta\");\r\n        beneficiosTarjeta_5.classList.add(\"beneficios-tarjeta\");\r\n\r\n        beneficiosTexto_1.classList.add(\"beneficios-texto\");\r\n        beneficiosTexto_2.classList.add(\"beneficios-texto\");\r\n        beneficiosTexto_3.classList.add(\"beneficios-texto\");\r\n        beneficiosTexto_4.classList.add(\"beneficios-texto\");\r\n        beneficiosTexto_5.classList.add(\"beneficios-texto\");\r\n\r\n        beneficiosTarjeta_1_p_1.classList.add(\"titulo\");\r\n        beneficiosTarjeta_2_p_1.classList.add(\"titulo\");\r\n        beneficiosTarjeta_3_p_1.classList.add(\"titulo\");\r\n        beneficiosTarjeta_4_p_1.classList.add(\"titulo\");\r\n        beneficiosTarjeta_5_p_1.classList.add(\"titulo\");\r\n\r\n        beneficiosTarjeta_1_p_2.classList.add(\"parrafo\");\r\n        beneficiosTarjeta_2_p_2.classList.add(\"parrafo\");\r\n        beneficiosTarjeta_3_p_2.classList.add(\"parrafo\");\r\n        beneficiosTarjeta_4_p_2.classList.add(\"parrafo\");\r\n        beneficiosTarjeta_5_p_2.classList.add(\"parrafo\");\r\n\r\n        throw new Error(\"Error controlado\");\r\n    }\r\n}\r\n\r\n\r\n","src":"","priority":10,"key":"widget-7"},{"code":"const URLactual = window.location.pathname;\r\n\r\nif (URLactual == \"/sobre-nosotros\") {\r\n    if (document.querySelector(\".ui-search\")) {\r\n        const ui_search = document.querySelector(\".ui-search\");\r\n\r\n        ui_search.classList.toggle(\"invisible\");\r\n\r\n        let main = document.querySelector(\"#root-app\");\r\n\r\n        let barraSuperior = document.createElement(\"div\");\r\n        let barraSuperiorTitulo = document.createElement(\"p\")\r\n        let barraSuperiorSubtitulo = document.createElement(\"p\")\r\n\r\n        let sobreNosotrosContenedor = document.createElement(\"div\");\r\n\r\n        let sobreNosotrosContenido_1 = document.createElement(\"div\");\r\n        let sobreNosotrosTexto_1 = document.createElement(\"div\");\r\n        let sobreNosotrosTexto_p_1 = document.createElement(\"p\");\r\n        let sobreNosotrosTexto_p_2 = document.createElement(\"p\");\r\n        let sobreNosotrosContenido_img_1 = document.createElement(\"img\");\r\n\r\n        let sobreNosotrosContenido_2 = document.createElement(\"div\");\r\n        let sobreNosotrosContenido_img_2 = document.createElement(\"img\");\r\n        let sobreNosotrosTexto_2 = document.createElement(\"div\");\r\n        let sobreNosotrosTexto_p_3 = document.createElement(\"p\");\r\n        let sobreNosotrosTexto_p_4 = document.createElement(\"p\");\r\n\r\n        let sobreNosotrosContenido_3 = document.createElement(\"div\");\r\n        let sobreNosotrosTexto_3 = document.createElement(\"div\");\r\n        let sobreNosotrosTexto_p_5 = document.createElement(\"p\");\r\n        let sobreNosotrosTexto_p_6 = document.createElement(\"p\");\r\n        let sobreNosotrosContenido_img_3 = document.createElement(\"img\");\r\n\r\n        barraSuperiorTitulo.textContent = \"Sobre Nosotros\";\r\n        barraSuperiorSubtitulo.innerHTML = \"<span>Home</span> / Sobre Nosotros\";\r\n\r\n        sobreNosotrosTexto_p_1.textContent = \"HACEMOS TU VIDA MÁS FÁCIL\";\r\n        sobreNosotrosTexto_p_2.innerHTML = \"En <span>Swiss Trading Co.</span> creemos profundamente en nuestro slogan: HACEMOS TU VIDA MÁS FÁCIL. Ese es el eje central de nuestra filosofía. Brindarte soluciones prácticas, accesibles y de buena calidad para que en tu vida diaria puedas gozar el mayor bienestar. Por eso producimos, importamos y comercializamos una amplia gama de productos de alto nivel internacional para que puedas disfrutar de tu cocina como un chef, mantener tu cuerpo en forma, relajarte y hacer de tu casa el hogar soñado. Porque lo que para ti es importante, es nuestro desafío.\"\r\n        sobreNosotrosContenido_img_1.src = \"https://www.swisstradingco.com/assets/img/xl_2.jpg\";\r\n\r\n        sobreNosotrosContenido_img_2.src = \"https://www.swisstradingco.com/assets/img/xl_33.jpg\";\r\n        sobreNosotrosTexto_p_3.textContent = \"NUESTRA MISIÓN\";\r\n        sobreNosotrosTexto_p_4.innerHTML = \"<span>BRINDARTE LOS MEJORES PRODUCTOS:</span><br> Cada uno de nuestros productos representa un sueño cumplido. En el momento en que llega a tus manos, nuestra misión se convierte en un logro. Porque desde el comienzo, en el proceso de creación, de desarrollo, producción y finalmente la comercialización, vamos tejiendo una historia en la que cada una de las personas involucradas pone una parte de sí. El objetivo: hacer tu vida y la de tu familia más fácil. Porque cuando tu estás feliz con tu compra, nosotros estamos aún más felices con los resultados.\"\r\n\r\n        sobreNosotrosTexto_p_5.innerHTML = \"CUIDAR EL PLANETA\";\r\n        sobreNosotrosTexto_p_6.innerHTML = \"El futuro del planeta es el futuro de cada uno de nosotros. Como personas y como empresas tenemos una gran responsabilidad en el cuidado del medio ambiente. Por eso desde <span>Swiss Trading Co.</span> desarrollamos productos sustentables, con procesos de producción y logística amigables con el medio ambiente. Te invitamos a asumir este compromiso juntos: vivamos en forma sustentable, pensando en el devenir de nuestra casa, el planeta Tierra.\";\r\n        sobreNosotrosContenido_img_3.src = \"https://www.swisstradingco.com/assets/img/xl_3333.jpg\";\r\n\r\n        main.appendChild(barraSuperior);\r\n        barraSuperior.appendChild(barraSuperiorTitulo);\r\n        barraSuperior.appendChild(barraSuperiorSubtitulo);\r\n\r\n        main.appendChild(sobreNosotrosContenedor);\r\n\r\n        sobreNosotrosContenedor.appendChild(sobreNosotrosContenido_1);\r\n        sobreNosotrosContenido_1.appendChild(sobreNosotrosTexto_1);\r\n        sobreNosotrosTexto_1.appendChild(sobreNosotrosTexto_p_1);\r\n        sobreNosotrosTexto_1.appendChild(sobreNosotrosTexto_p_2);\r\n        sobreNosotrosContenido_1.appendChild(sobreNosotrosContenido_img_1);\r\n\r\n        sobreNosotrosContenedor.appendChild(sobreNosotrosContenido_2);\r\n        sobreNosotrosContenido_2.appendChild(sobreNosotrosContenido_img_2);\r\n        sobreNosotrosContenido_2.appendChild(sobreNosotrosTexto_2);\r\n        sobreNosotrosTexto_2.appendChild(sobreNosotrosTexto_p_3);\r\n        sobreNosotrosTexto_2.appendChild(sobreNosotrosTexto_p_4);\r\n\r\n        sobreNosotrosContenedor.appendChild(sobreNosotrosContenido_3);\r\n        sobreNosotrosContenido_3.appendChild(sobreNosotrosTexto_3);\r\n        sobreNosotrosTexto_3.appendChild(sobreNosotrosTexto_p_5);\r\n        sobreNosotrosTexto_3.appendChild(sobreNosotrosTexto_p_6);\r\n        sobreNosotrosContenido_3.appendChild(sobreNosotrosContenido_img_3);\r\n\r\n        barraSuperior.classList.add(\"barra-superior\");\r\n\r\n        sobreNosotrosContenedor.classList.add(\"sobre-nosotros-contenedor\");\r\n\r\n        sobreNosotrosContenido_1.classList.add(\"sobre-nosotros-contenido\");\r\n        sobreNosotrosTexto_1.classList.add(\"sobre-nosotros-texto\");\r\n        sobreNosotrosTexto_p_1.classList.add(\"titulo\");\r\n        sobreNosotrosTexto_p_1.classList.add(\"titulo-naranja\");\r\n        sobreNosotrosTexto_p_2.classList.add(\"parrafo\");\r\n\r\n        sobreNosotrosContenido_2.classList.add(\"sobre-nosotros-contenido\");\r\n        sobreNosotrosContenido_2.classList.add(\"column-reverse\");\r\n        sobreNosotrosTexto_2.classList.add(\"sobre-nosotros-texto\");\r\n        sobreNosotrosTexto_p_3.classList.add(\"titulo\");\r\n        sobreNosotrosTexto_p_3.classList.add(\"titulo-rojo\");\r\n        sobreNosotrosTexto_p_4.classList.add(\"parrafo\");\r\n\r\n        sobreNosotrosContenido_3.classList.add(\"sobre-nosotros-contenido\");\r\n        sobreNosotrosTexto_3.classList.add(\"sobre-nosotros-texto\");\r\n        sobreNosotrosTexto_p_5.classList.add(\"titulo\");\r\n        sobreNosotrosTexto_p_5.classList.add(\"titulo-rojo\");\r\n        sobreNosotrosTexto_p_6.classList.add(\"parrafo\");\r\n\r\n        throw new Error(\"Error controlado\");\r\n    } else if (document.querySelector(\".ui-search--zrp\")) {\r\n        const ui_search = document.querySelector(\".ui-search--zrp\");\r\n\r\n        ui_search.classList.toggle(\"invisible\");\r\n\r\n        let main = document.querySelector(\"#root-app\");\r\n\r\n        let barraSuperior = document.createElement(\"div\");\r\n        let barraSuperiorTitulo = document.createElement(\"p\")\r\n        let barraSuperiorSubtitulo = document.createElement(\"p\")\r\n\r\n        let sobreNosotrosContenedor = document.createElement(\"div\");\r\n\r\n        let sobreNosotrosContenido_1 = document.createElement(\"div\");\r\n        let sobreNosotrosTexto_1 = document.createElement(\"div\");\r\n        let sobreNosotrosTexto_p_1 = document.createElement(\"p\");\r\n        let sobreNosotrosTexto_p_2 = document.createElement(\"p\");\r\n        let sobreNosotrosContenido_img_1 = document.createElement(\"img\");\r\n\r\n        let sobreNosotrosContenido_2 = document.createElement(\"div\");\r\n        let sobreNosotrosContenido_img_2 = document.createElement(\"img\");\r\n        let sobreNosotrosTexto_2 = document.createElement(\"div\");\r\n        let sobreNosotrosTexto_p_3 = document.createElement(\"p\");\r\n        let sobreNosotrosTexto_p_4 = document.createElement(\"p\");\r\n\r\n        let sobreNosotrosContenido_3 = document.createElement(\"div\");\r\n        let sobreNosotrosTexto_3 = document.createElement(\"div\");\r\n        let sobreNosotrosTexto_p_5 = document.createElement(\"p\");\r\n        let sobreNosotrosTexto_p_6 = document.createElement(\"p\");\r\n        let sobreNosotrosContenido_img_3 = document.createElement(\"img\");\r\n\r\n        barraSuperiorTitulo.textContent = \"Sobre Nosotros\";\r\n        barraSuperiorSubtitulo.innerHTML = \"<span>Home</span> / Sobre Nosotros\";\r\n\r\n        sobreNosotrosTexto_p_1.textContent = \"HACEMOS TU VIDA MÁS FÁCIL\";\r\n        sobreNosotrosTexto_p_2.innerHTML = \"En <span>Swiss Trading Co.</span> creemos profundamente en nuestro slogan: HACEMOS TU VIDA MÁS FÁCIL. Ese es el eje central de nuestra filosofía. Brindarte soluciones prácticas, accesibles y de buena calidad para que en tu vida diaria puedas gozar el mayor bienestar. Por eso producimos, importamos y comercializamos una amplia gama de productos de alto nivel internacional para que puedas disfrutar de tu cocina como un chef, mantener tu cuerpo en forma, relajarte y hacer de tu casa el hogar soñado. Porque lo que para ti es importante, es nuestro desafío.\"\r\n        sobreNosotrosContenido_img_1.src = \"https://www.swisstradingco.com/assets/img/xl_2.jpg\";\r\n\r\n        sobreNosotrosContenido_img_2.src = \"https://www.swisstradingco.com/assets/img/xl_33.jpg\";\r\n        sobreNosotrosTexto_p_3.textContent = \"NUESTRA MISIÓN\";\r\n        sobreNosotrosTexto_p_4.innerHTML = \"<span>BRINDARTE LOS MEJORES PRODUCTOS:</span><br> Cada uno de nuestros productos representa un sueño cumplido. En el momento en que llega a tus manos, nuestra misión se convierte en un logro. Porque desde el comienzo, en el proceso de creación, de desarrollo, producción y finalmente la comercialización, vamos tejiendo una historia en la que cada una de las personas involucradas pone una parte de sí. El objetivo: hacer tu vida y la de tu familia más fácil. Porque cuando tu estás feliz con tu compra, nosotros estamos aún más felices con los resultados.\"\r\n\r\n        sobreNosotrosTexto_p_5.innerHTML = \"CUIDAR EL PLANETA\";\r\n        sobreNosotrosTexto_p_6.innerHTML = \"El futuro del planeta es el futuro de cada uno de nosotros. Como personas y como empresas tenemos una gran responsabilidad en el cuidado del medio ambiente. Por eso desde <span>Swiss Trading Co.</span> desarrollamos productos sustentables, con procesos de producción y logística amigables con el medio ambiente. Te invitamos a asumir este compromiso juntos: vivamos en forma sustentable, pensando en el devenir de nuestra casa, el planeta Tierra.\";\r\n        sobreNosotrosContenido_img_3.src = \"https://www.swisstradingco.com/assets/img/xl_3333.jpg\";\r\n\r\n        main.appendChild(barraSuperior);\r\n        barraSuperior.appendChild(barraSuperiorTitulo);\r\n        barraSuperior.appendChild(barraSuperiorSubtitulo);\r\n\r\n        main.appendChild(sobreNosotrosContenedor);\r\n\r\n        sobreNosotrosContenedor.appendChild(sobreNosotrosContenido_1);\r\n        sobreNosotrosContenido_1.appendChild(sobreNosotrosTexto_1);\r\n        sobreNosotrosTexto_1.appendChild(sobreNosotrosTexto_p_1);\r\n        sobreNosotrosTexto_1.appendChild(sobreNosotrosTexto_p_2);\r\n        sobreNosotrosContenido_1.appendChild(sobreNosotrosContenido_img_1);\r\n\r\n        sobreNosotrosContenedor.appendChild(sobreNosotrosContenido_2);\r\n        sobreNosotrosContenido_2.appendChild(sobreNosotrosContenido_img_2);\r\n        sobreNosotrosContenido_2.appendChild(sobreNosotrosTexto_2);\r\n        sobreNosotrosTexto_2.appendChild(sobreNosotrosTexto_p_3);\r\n        sobreNosotrosTexto_2.appendChild(sobreNosotrosTexto_p_4);\r\n\r\n        sobreNosotrosContenedor.appendChild(sobreNosotrosContenido_3);\r\n        sobreNosotrosContenido_3.appendChild(sobreNosotrosTexto_3);\r\n        sobreNosotrosTexto_3.appendChild(sobreNosotrosTexto_p_5);\r\n        sobreNosotrosTexto_3.appendChild(sobreNosotrosTexto_p_6);\r\n        sobreNosotrosContenido_3.appendChild(sobreNosotrosContenido_img_3);\r\n\r\n        barraSuperior.classList.add(\"barra-superior\");\r\n\r\n        sobreNosotrosContenedor.classList.add(\"sobre-nosotros-contenedor\");\r\n\r\n        sobreNosotrosContenido_1.classList.add(\"sobre-nosotros-contenido\");\r\n        sobreNosotrosTexto_1.classList.add(\"sobre-nosotros-texto\");\r\n        sobreNosotrosTexto_p_1.classList.add(\"titulo\");\r\n        sobreNosotrosTexto_p_1.classList.add(\"titulo-naranja\");\r\n        sobreNosotrosTexto_p_2.classList.add(\"parrafo\");\r\n\r\n        sobreNosotrosContenido_2.classList.add(\"sobre-nosotros-contenido\");\r\n        sobreNosotrosContenido_2.classList.add(\"column-reverse\");\r\n        sobreNosotrosTexto_2.classList.add(\"sobre-nosotros-texto\");\r\n        sobreNosotrosTexto_p_3.classList.add(\"titulo\");\r\n        sobreNosotrosTexto_p_3.classList.add(\"titulo-rojo\");\r\n        sobreNosotrosTexto_p_4.classList.add(\"parrafo\");\r\n\r\n        sobreNosotrosContenido_3.classList.add(\"sobre-nosotros-contenido\");\r\n        sobreNosotrosTexto_3.classList.add(\"sobre-nosotros-texto\");\r\n        sobreNosotrosTexto_p_5.classList.add(\"titulo\");\r\n        sobreNosotrosTexto_p_5.classList.add(\"titulo-rojo\");\r\n        sobreNosotrosTexto_p_6.classList.add(\"parrafo\");\r\n\r\n        throw new Error(\"Error controlado\");\r\n    }\r\n}\r\n\r\n\r\n","src":"","priority":10,"key":"widget-8"},{"code":"/* @preserve\r\n    _____ __ _     __                _\r\n   / ___// /(_)___/ /___  ____      (_)___\r\n  / (_ // // // _  // -_)/ __/_    / /(_-<\r\n  \\___//_//_/ \\_,_/ \\__//_/  (_)__/ //___/\r\n                              |___/\r\n\r\n  Version: 1.7.4\r\n  Author: Nick Piscitelli (pickykneee)\r\n  Website: https://nickpiscitelli.com\r\n  Documentation: http://nickpiscitelli.github.io/Glider.js\r\n  License: MIT License\r\n  Release Date: October 25th, 2018\r\n\r\n*/\r\n\r\n/* global define */\r\n\r\n(function (factory) {\r\n  typeof define === 'function' && define.amd\r\n    ? define(factory)\r\n    : typeof exports === 'object'\r\n      ? (module.exports = factory())\r\n      : factory()\r\n})(function () {\r\n  ('use strict') // eslint-disable-line no-unused-expressions\r\n\r\n  /* globals window:true */\r\n  var _window = typeof window !== 'undefined' ? window : this\r\n\r\n  var Glider = (_window.Glider = function (element, settings) {\r\n    var _ = this\r\n\r\n    if (element._glider) return element._glider\r\n\r\n    _.ele = element\r\n    _.ele.classList.add('glider')\r\n\r\n    // expose glider object to its DOM element\r\n    _.ele._glider = _\r\n\r\n    // merge user setting with defaults\r\n    _.opt = Object.assign(\r\n      {},\r\n      {\r\n        slidesToScroll: 1,\r\n        slidesToShow: 1,\r\n        resizeLock: true,\r\n        duration: 0.5,\r\n        // easeInQuad\r\n        easing: function (x, t, b, c, d) {\r\n          return c * (t /= d) * t + b\r\n        }\r\n      },\r\n      settings\r\n    )\r\n\r\n    // set defaults\r\n    _.animate_id = _.page = _.slide = 0\r\n    _.arrows = {}\r\n\r\n    // preserve original options to\r\n    // extend breakpoint settings\r\n    _._opt = _.opt\r\n\r\n    if (_.opt.skipTrack) {\r\n      // first and only child is the track\r\n      _.track = _.ele.children[0]\r\n    } else {\r\n      // create track and wrap slides\r\n      _.track = document.createElement('div')\r\n      _.ele.appendChild(_.track)\r\n      while (_.ele.children.length !== 1) {\r\n        _.track.appendChild(_.ele.children[0])\r\n      }\r\n    }\r\n\r\n    _.track.classList.add('glider-track')\r\n\r\n    // start glider\r\n    _.init()\r\n\r\n    // set events\r\n    _.resize = _.init.bind(_, true)\r\n    _.event(_.ele, 'add', {\r\n      scroll: _.updateControls.bind(_)\r\n    })\r\n    _.event(_window, 'add', {\r\n      resize: _.resize\r\n    })\r\n  })\r\n\r\n  var gliderPrototype = Glider.prototype\r\n  gliderPrototype.init = function (refresh, paging) {\r\n    var _ = this\r\n\r\n    var width = 0\r\n\r\n    var height = 0\r\n\r\n    _.slides = _.track.children;\r\n\r\n    [].forEach.call(_.slides, function (_, i) {\r\n      _.classList.add('glider-slide')\r\n      _.setAttribute('data-gslide', i)\r\n    })\r\n\r\n    _.containerWidth = _.ele.clientWidth\r\n\r\n    var breakpointChanged = _.settingsBreakpoint()\r\n    if (!paging) paging = breakpointChanged\r\n\r\n    if (\r\n      _.opt.slidesToShow === 'auto' ||\r\n      typeof _.opt._autoSlide !== 'undefined'\r\n    ) {\r\n      var slideCount = _.containerWidth / _.opt.itemWidth\r\n\r\n      _.opt._autoSlide = _.opt.slidesToShow = _.opt.exactWidth\r\n        ? slideCount\r\n        : Math.max(1, Math.floor(slideCount))\r\n    }\r\n    if (_.opt.slidesToScroll === 'auto') {\r\n      _.opt.slidesToScroll = Math.floor(_.opt.slidesToShow)\r\n    }\r\n\r\n    _.itemWidth = _.opt.exactWidth\r\n      ? _.opt.itemWidth\r\n      : _.containerWidth / _.opt.slidesToShow;\r\n\r\n    // set slide dimensions\r\n    [].forEach.call(_.slides, function (__) {\r\n      __.style.height = 'auto'\r\n      __.style.width = _.itemWidth + 'px'\r\n      width += _.itemWidth\r\n      height = Math.max(__.offsetHeight, height)\r\n    })\r\n\r\n    _.track.style.width = width + 'px'\r\n    _.trackWidth = width\r\n    _.isDrag = false\r\n    _.preventClick = false\r\n    _.move = false\r\n\r\n    _.opt.resizeLock && _.scrollTo(_.slide * _.itemWidth, 0)\r\n\r\n    if (breakpointChanged || paging) {\r\n      _.bindArrows()\r\n      _.buildDots()\r\n      _.bindDrag()\r\n    }\r\n\r\n    _.updateControls()\r\n\r\n    _.emit(refresh ? 'refresh' : 'loaded')\r\n  }\r\n\r\n  gliderPrototype.bindDrag = function () {\r\n    var _ = this\r\n    _.mouse = _.mouse || _.handleMouse.bind(_)\r\n\r\n    var mouseup = function () {\r\n      _.mouseDown = undefined\r\n      _.ele.classList.remove('drag')\r\n      if (_.isDrag) {\r\n        _.preventClick = true\r\n      }\r\n      _.isDrag = false\r\n    }\r\n\r\n    const move = function () {\r\n      _.move = true\r\n    }\r\n\r\n    var events = {\r\n      mouseup: mouseup,\r\n      mouseleave: mouseup,\r\n      mousedown: function (e) {\r\n        e.preventDefault()\r\n        e.stopPropagation()\r\n        _.mouseDown = e.clientX\r\n        _.ele.classList.add('drag')\r\n        _.move = false\r\n        setTimeout(move, 300)\r\n      },\r\n      touchstart: function (e) {\r\n        _.ele.classList.add('drag')\r\n        _.move = false\r\n        setTimeout(move, 300)\r\n      },\r\n      mousemove: _.mouse,\r\n      click: function (e) {\r\n        if (_.preventClick && _.move) {\r\n          e.preventDefault()\r\n          e.stopPropagation()\r\n        }\r\n        _.preventClick = false\r\n        _.move = false\r\n      }\r\n    }\r\n\r\n    _.ele.classList.toggle('draggable', _.opt.draggable === true)\r\n    _.event(_.ele, 'remove', events)\r\n    if (_.opt.draggable) _.event(_.ele, 'add', events)\r\n  }\r\n\r\n  gliderPrototype.buildDots = function () {\r\n    var _ = this\r\n\r\n    if (!_.opt.dots) {\r\n      if (_.dots) _.dots.innerHTML = ''\r\n      return\r\n    }\r\n\r\n    if (typeof _.opt.dots === 'string') {\r\n      _.dots = document.querySelector(_.opt.dots)\r\n    } else _.dots = _.opt.dots\r\n    if (!_.dots) return\r\n\r\n    _.dots.innerHTML = ''\r\n    _.dots.setAttribute('role', 'tablist')\r\n    _.dots.classList.add('glider-dots')\r\n\r\n    for (var i = 0; i < Math.ceil(_.slides.length / _.opt.slidesToShow); ++i) {\r\n      var dot = document.createElement('button')\r\n      dot.dataset.index = i\r\n      dot.setAttribute('aria-label', 'Page ' + (i + 1))\r\n      dot.setAttribute('role', 'tab')\r\n      dot.className = 'glider-dot ' + (i ? '' : 'active')\r\n      _.event(dot, 'add', {\r\n        click: _.scrollItem.bind(_, i, true)\r\n      })\r\n      _.dots.appendChild(dot)\r\n    }\r\n  }\r\n\r\n  gliderPrototype.bindArrows = function () {\r\n    var _ = this\r\n    if (!_.opt.arrows) {\r\n      Object.keys(_.arrows).forEach(function (direction) {\r\n        var element = _.arrows[direction]\r\n        _.event(element, 'remove', { click: element._func })\r\n      })\r\n      return\r\n    }\r\n    ['prev', 'next'].forEach(function (direction) {\r\n      var arrow = _.opt.arrows[direction]\r\n      if (arrow) {\r\n        if (typeof arrow === 'string') arrow = document.querySelector(arrow)\r\n        if (arrow) {\r\n          arrow._func = arrow._func || _.scrollItem.bind(_, direction)\r\n          _.event(arrow, 'remove', {\r\n            click: arrow._func\r\n          })\r\n          _.event(arrow, 'add', {\r\n            click: arrow._func\r\n          })\r\n          _.arrows[direction] = arrow\r\n        }\r\n      }\r\n    })\r\n  }\r\n\r\n  gliderPrototype.updateControls = function (event) {\r\n    var _ = this\r\n\r\n    if (event && !_.opt.scrollPropagate) {\r\n      event.stopPropagation()\r\n    }\r\n\r\n    var disableArrows = _.containerWidth >= _.trackWidth\r\n\r\n    if (!_.opt.rewind) {\r\n      if (_.arrows.prev) {\r\n        _.arrows.prev.classList.toggle(\r\n          'disabled',\r\n          _.ele.scrollLeft <= 0 || disableArrows\r\n        )\r\n\r\n        _.arrows.prev.setAttribute(\r\n          'aria-disabled',\r\n          _.arrows.prev.classList.contains('disabled')\r\n        )\r\n      }\r\n      if (_.arrows.next) {\r\n        _.arrows.next.classList.toggle(\r\n          'disabled',\r\n          Math.ceil(_.ele.scrollLeft + _.containerWidth) >=\r\n            Math.floor(_.trackWidth) || disableArrows\r\n        )\r\n\r\n        _.arrows.next.setAttribute(\r\n          'aria-disabled',\r\n          _.arrows.next.classList.contains('disabled')\r\n        )\r\n      }\r\n    }\r\n\r\n    _.slide = Math.round(_.ele.scrollLeft / _.itemWidth)\r\n    _.page = Math.round(_.ele.scrollLeft / _.containerWidth)\r\n\r\n    var middle = _.slide + Math.floor(Math.floor(_.opt.slidesToShow) / 2)\r\n\r\n    var extraMiddle = Math.floor(_.opt.slidesToShow) % 2 ? 0 : middle + 1\r\n    if (Math.floor(_.opt.slidesToShow) === 1) {\r\n      extraMiddle = 0\r\n    }\r\n\r\n    // the last page may be less than one half of a normal page width so\r\n    // the page is rounded down. when at the end, force the page to turn\r\n    if (_.ele.scrollLeft + _.containerWidth >= Math.floor(_.trackWidth)) {\r\n      _.page = _.dots ? _.dots.children.length - 1 : 0\r\n    }\r\n\r\n    [].forEach.call(_.slides, function (slide, index) {\r\n      var slideClasses = slide.classList\r\n\r\n      var wasVisible = slideClasses.contains('visible')\r\n\r\n      var start = _.ele.scrollLeft\r\n\r\n      var end = _.ele.scrollLeft + _.containerWidth\r\n\r\n      var itemStart = _.itemWidth * index\r\n\r\n      var itemEnd = itemStart + _.itemWidth;\r\n\r\n      [].forEach.call(slideClasses, function (className) {\r\n        /^left|right/.test(className) && slideClasses.remove(className)\r\n      })\r\n      slideClasses.toggle('active', _.slide === index)\r\n      if (middle === index || (extraMiddle && extraMiddle === index)) {\r\n        slideClasses.add('center')\r\n      } else {\r\n        slideClasses.remove('center')\r\n        slideClasses.add(\r\n          [\r\n            index < middle ? 'left' : 'right',\r\n            Math.abs(index - (index < middle ? middle : extraMiddle || middle))\r\n          ].join('-')\r\n        )\r\n      }\r\n\r\n      var isVisible =\r\n        Math.ceil(itemStart) >= Math.floor(start) &&\r\n        Math.floor(itemEnd) <= Math.ceil(end)\r\n      slideClasses.toggle('visible', isVisible)\r\n      if (isVisible !== wasVisible) {\r\n        _.emit('slide-' + (isVisible ? 'visible' : 'hidden'), {\r\n          slide: index\r\n        })\r\n      }\r\n    })\r\n    if (_.dots) {\r\n      [].forEach.call(_.dots.children, function (dot, index) {\r\n        dot.classList.toggle('active', _.page === index)\r\n      })\r\n    }\r\n\r\n    if (event && _.opt.scrollLock) {\r\n      clearTimeout(_.scrollLock)\r\n      _.scrollLock = setTimeout(function () {\r\n        clearTimeout(_.scrollLock)\r\n        // dont attempt to scroll less than a pixel fraction - causes looping\r\n        if (Math.abs(_.ele.scrollLeft / _.itemWidth - _.slide) > 0.02) {\r\n          if (!_.mouseDown) {\r\n            // Only scroll if not at the end (#94)\r\n            if (_.trackWidth > _.containerWidth + _.ele.scrollLeft) {\r\n              _.scrollItem(_.getCurrentSlide())\r\n            }\r\n          }\r\n        }\r\n      }, _.opt.scrollLockDelay || 250)\r\n    }\r\n  }\r\n\r\n  gliderPrototype.getCurrentSlide = function () {\r\n    var _ = this\r\n    return _.round(_.ele.scrollLeft / _.itemWidth)\r\n  }\r\n\r\n  gliderPrototype.scrollItem = function (slide, dot, e) {\r\n    if (e) e.preventDefault()\r\n\r\n    var _ = this\r\n\r\n    var originalSlide = slide\r\n    ++_.animate_id\r\n\r\n    var prevSlide = _.slide\r\n    var position\r\n\r\n    if (dot === true) {\r\n      slide = Math.round((slide * _.containerWidth) / _.itemWidth)\r\n      position = slide * _.itemWidth\r\n    } else {\r\n      if (typeof slide === 'string') {\r\n        var backwards = slide === 'prev'\r\n\r\n        // use precise location if fractional slides are on\r\n        if (_.opt.slidesToScroll % 1 || _.opt.slidesToShow % 1) {\r\n          slide = _.getCurrentSlide()\r\n        } else {\r\n          slide = _.slide\r\n        }\r\n\r\n        if (backwards) slide -= _.opt.slidesToScroll\r\n        else slide += _.opt.slidesToScroll\r\n\r\n        if (_.opt.rewind) {\r\n          var scrollLeft = _.ele.scrollLeft\r\n          slide =\r\n            backwards && !scrollLeft\r\n              ? _.slides.length\r\n              : !backwards &&\r\n                scrollLeft + _.containerWidth >= Math.floor(_.trackWidth)\r\n                ? 0\r\n                : slide\r\n        }\r\n      }\r\n\r\n      slide = Math.max(Math.min(slide, _.slides.length), 0)\r\n\r\n      _.slide = slide\r\n      position = _.itemWidth * slide\r\n    }\r\n\r\n    _.emit('scroll-item', { prevSlide, slide })\r\n\r\n    _.scrollTo(\r\n      position,\r\n      _.opt.duration * Math.abs(_.ele.scrollLeft - position),\r\n      function () {\r\n        _.updateControls()\r\n        _.emit('animated', {\r\n          value: originalSlide,\r\n          type:\r\n            typeof originalSlide === 'string' ? 'arrow' : dot ? 'dot' : 'slide'\r\n        })\r\n      }\r\n    )\r\n\r\n    return false\r\n  }\r\n\r\n  gliderPrototype.settingsBreakpoint = function () {\r\n    var _ = this\r\n\r\n    var resp = _._opt.responsive\r\n\r\n    if (resp) {\r\n      // Sort the breakpoints in mobile first order\r\n      resp.sort(function (a, b) {\r\n        return b.breakpoint - a.breakpoint\r\n      })\r\n\r\n      for (var i = 0; i < resp.length; ++i) {\r\n        var size = resp[i]\r\n        if (_window.innerWidth >= size.breakpoint) {\r\n          if (_.breakpoint !== size.breakpoint) {\r\n            _.opt = Object.assign({}, _._opt, size.settings)\r\n            _.breakpoint = size.breakpoint\r\n            return true\r\n          }\r\n          return false\r\n        }\r\n      }\r\n    }\r\n    // set back to defaults in case they were overriden\r\n    var breakpointChanged = _.breakpoint !== 0\r\n    _.opt = Object.assign({}, _._opt)\r\n    _.breakpoint = 0\r\n    return breakpointChanged\r\n  }\r\n\r\n  gliderPrototype.scrollTo = function (scrollTarget, scrollDuration, callback) {\r\n    var _ = this\r\n\r\n    var start = new Date().getTime()\r\n\r\n    var animateIndex = _.animate_id\r\n\r\n    var animate = function () {\r\n      var now = new Date().getTime() - start\r\n      _.ele.scrollLeft =\r\n        _.ele.scrollLeft +\r\n        (scrollTarget - _.ele.scrollLeft) *\r\n          _.opt.easing(0, now, 0, 1, scrollDuration)\r\n      if (now < scrollDuration && animateIndex === _.animate_id) {\r\n        _window.requestAnimationFrame(animate)\r\n      } else {\r\n        _.ele.scrollLeft = scrollTarget\r\n        callback && callback.call(_)\r\n      }\r\n    }\r\n\r\n    _window.requestAnimationFrame(animate)\r\n  }\r\n\r\n  gliderPrototype.removeItem = function (index) {\r\n    var _ = this\r\n\r\n    if (_.slides.length) {\r\n      _.track.removeChild(_.slides[index])\r\n      _.refresh(true)\r\n      _.emit('remove')\r\n    }\r\n  }\r\n\r\n  gliderPrototype.addItem = function (ele) {\r\n    var _ = this\r\n\r\n    _.track.appendChild(ele)\r\n    _.refresh(true)\r\n    _.emit('add')\r\n  }\r\n\r\n  gliderPrototype.handleMouse = function (e) {\r\n    var _ = this\r\n    if (_.mouseDown) {\r\n      _.isDrag = true\r\n      _.ele.scrollLeft +=\r\n        (_.mouseDown - e.clientX) * (_.opt.dragVelocity || 3.3)\r\n      _.mouseDown = e.clientX\r\n    }\r\n  }\r\n\r\n  // used to round to the nearest 0.XX fraction\r\n  gliderPrototype.round = function (double) {\r\n    var _ = this\r\n    var step = _.opt.slidesToScroll % 1 || 1\r\n    var inv = 1.0 / step\r\n    return Math.round(double * inv) / inv\r\n  }\r\n\r\n  gliderPrototype.refresh = function (paging) {\r\n    var _ = this\r\n    _.init(true, paging)\r\n  }\r\n\r\n  gliderPrototype.setOption = function (opt, global) {\r\n    var _ = this\r\n\r\n    if (_.breakpoint && !global) {\r\n      _._opt.responsive.forEach(function (v) {\r\n        if (v.breakpoint === _.breakpoint) {\r\n          v.settings = Object.assign({}, v.settings, opt)\r\n        }\r\n      })\r\n    } else {\r\n      _._opt = Object.assign({}, _._opt, opt)\r\n    }\r\n\r\n    _.breakpoint = 0\r\n    _.settingsBreakpoint()\r\n  }\r\n\r\n  gliderPrototype.destroy = function () {\r\n    var _ = this\r\n\r\n    var replace = _.ele.cloneNode(true)\r\n\r\n    var clear = function (ele) {\r\n      ele.removeAttribute('style');\r\n      [].forEach.call(ele.classList, function (className) {\r\n        /^glider/.test(className) && ele.classList.remove(className)\r\n      })\r\n    }\r\n    // remove track\r\n    replace.children[0].outerHTML = replace.children[0].innerHTML\r\n    clear(replace);\r\n    [].forEach.call(replace.getElementsByTagName('*'), clear)\r\n    _.ele.parentNode.replaceChild(replace, _.ele)\r\n    _.event(_window, 'remove', {\r\n      resize: _.resize\r\n    })\r\n    _.emit('destroy')\r\n  }\r\n\r\n  gliderPrototype.emit = function (name, arg) {\r\n    var _ = this\r\n\r\n    var e = new _window.CustomEvent('glider-' + name, {\r\n      bubbles: !_.opt.eventPropagate,\r\n      detail: arg\r\n    })\r\n    _.ele.dispatchEvent(e)\r\n  }\r\n\r\n  gliderPrototype.event = function (ele, type, args) {\r\n    var eventHandler = ele[type + 'EventListener'].bind(ele)\r\n    Object.keys(args).forEach(function (k) {\r\n      eventHandler(k, args[k])\r\n    })\r\n  }\r\n\r\n  return Glider\r\n})\r\n\r\nnew Glider(document.querySelector('.glider'), {\r\n  slidesToShow: 3,\r\n  slidesToScroll: 1,\r\n  draggable: true,\r\n  dots: '.dots',\r\n  arrows: {\r\n    prev: '.glider-prev',\r\n    next: '.glider-next'\r\n  },\r\n  itemWidth: 10,\r\n});","src":"","priority":10,"key":"widget-9"}]